{
  "created_utc": "2026-05-30T06:41:52+00:00",
  "mc_stat": [
    [
      0.0023110896694251704
    ]
  ],
  "mc_stat_treatment": "group_category_normsys_from_sumw2; not full bin-by-bin HistFactory staterror profiling",
  "parameters": [
    "mu"
  ],
  "per_systematic": {
    "dy_norm": [
      [
        0.0066774831206343754
      ]
    ],
    "ggzz_norm": [
      [
        4.07576700612311e-05
      ]
    ],
    "lepton_eff": [
      [
        0.004743366699772378
      ]
    ],
    "lumi": [
      [
        0.0003956294038373054
      ]
    ],
    "m4l_scale": [
      [
        0.0018991912080044693
      ]
    ],
    "mc_stat": [
      [
        0.0023110896694251704
      ]
    ],
    "signal_theory": [
      [
        0.0024704222778204055
      ]
    ],
    "ttbar_omission": [
      [
        0.00018128623184476833
      ]
    ],
    "zz_norm": [
      [
        0.00469732078915075
      ]
    ]
  },
  "phase": "4a_expected",
  "stat": [
    [
      0.30630588207246134
    ]
  ],
  "syst": [
    [
      0.017156745469607992
    ]
  ],
  "total": [
    [
      0.32346262754206934
    ]
  ],
  "uncertainty_breakdown": {
    "full": {
      "err_hi": 0.6265284179710924,
      "err_lo": 0.5109470807401006,
      "err_sym": 0.5687377493555965,
      "muhat": 1.0,
      "scan_hi": 1.6265284179710924,
      "scan_lo": 0.48905291925989935
    },
    "per_systematic": {
      "dy_norm": {
        "uncertainty": 0.5594491622954634,
        "variance_increment_over_stat": 0.0066774831206343754
      },
      "ggzz_norm": {
        "uncertainty": 0.5534858984134308,
        "variance_increment_over_stat": 4.07576700612311e-05
      },
      "lepton_eff": {
        "uncertainty": 0.5577178935377937,
        "variance_increment_over_stat": 0.004743366699772378
      },
      "lumi": {
        "uncertainty": 0.5538063844668989,
        "variance_increment_over_stat": 0.0003956294038373054
      },
      "m4l_scale": {
        "uncertainty": 0.5551622044776335,
        "variance_increment_over_stat": 0.0018991912080044693
      },
      "mc_stat": {
        "treatment": "group_category_normsys_from_sumw2",
        "uncertainty": 0.5555330518897021,
        "variance_increment_over_stat": 0.0023110896694251704
      },
      "signal_theory": {
        "uncertainty": 0.5556764385416046,
        "variance_increment_over_stat": 0.0024704222778204055
      },
      "ttbar_omission": {
        "uncertainty": 0.553612832496056,
        "variance_increment_over_stat": 0.00018128623184476833
      },
      "zz_norm": {
        "uncertainty": 0.5576766113632632,
        "variance_increment_over_stat": 0.00469732078915075
      }
    },
    "stat_only": {
      "err_hi": 0.6083097896682257,
      "err_lo": 0.49858836657282857,
      "err_sym": 0.5534490781205271,
      "muhat": 1.0,
      "scan_hi": 1.6083097896682257,
      "scan_lo": 0.5014116334271714
    },
    "stat_plus_mcstat": {
      "err_hi": 0.611010156475295,
      "err_lo": 0.5000559473041093,
      "err_sym": 0.5555330518897021,
      "muhat": 1.0,
      "scan_hi": 1.611010156475295,
      "scan_lo": 0.4999440526958907
    },
    "variance_components": {
      "mc_stat": 0.0023110896694251704,
      "stat": 0.30630588207246134,
      "syst_total_including_mc_stat": 0.017156745469607992,
      "total": 0.32346262754206934
    }
  }
}
