{
  "created_utc": "2026-05-30T01:12:39+00:00",
  "mc_stat": [
    [
      0.0029560843175981955
    ]
  ],
  "parameters": [
    "mu"
  ],
  "per_systematic": {
    "dy_norm": [
      [
        0.007550313794961905
      ]
    ],
    "ggzz_norm": [
      [
        3.836713417015858e-05
      ]
    ],
    "lepton_eff": [
      [
        0.005159018544340921
      ]
    ],
    "lumi": [
      [
        0.0003837356654103341
      ]
    ],
    "m4l_scale": [
      [
        0.002038162254275333
      ]
    ],
    "mc_stat": [
      [
        0.0
      ]
    ],
    "signal_theory": [
      [
        0.0024705383179492446
      ]
    ],
    "ttbar_omission": [
      [
        0.00017993666653914886
      ]
    ],
    "zz_norm": [
      [
        0.00939126129924922
      ]
    ]
  },
  "phase": "4a_expected",
  "stat": [
    [
      0.3063689401723719
    ]
  ],
  "syst": [
    [
      0.023955108369782596
    ]
  ],
  "total": [
    [
      0.33032404854215447
    ]
  ],
  "uncertainty_breakdown": {
    "full": {
      "err_hi": 0.6327358408468291,
      "err_lo": 0.51674064615437,
      "err_sym": 0.5747382435005995,
      "muhat": 1.0,
      "scan_hi": 1.632735840846829,
      "scan_lo": 0.48325935384563007
    },
    "per_systematic": {
      "dy_norm": {
        "uncertainty": 0.5602849756751771,
        "variance_increment_over_stat": 0.007550313794961905
      },
      "ggzz_norm": {
        "uncertainty": 0.5535407006775039,
        "variance_increment_over_stat": 3.836713417015858e-05
      },
      "lepton_eff": {
        "uncertainty": 0.5581468970770265,
        "variance_increment_over_stat": 0.005159018544340921
      },
      "lumi": {
        "uncertainty": 0.5538525759060638,
        "variance_increment_over_stat": 0.0003837356654103341
      },
      "m4l_scale": {
        "uncertainty": 0.5553441297309689,
        "variance_increment_over_stat": 0.002038162254275333
      },
      "mc_stat": {
        "uncertainty": 0.553506043483151,
        "variance_increment_over_stat": 0.0
      },
      "signal_theory": {
        "uncertainty": 0.5557332799916891,
        "variance_increment_over_stat": 0.0024705383179492446
      },
      "ttbar_omission": {
        "uncertainty": 0.5536685622634818,
        "variance_increment_over_stat": 0.00017993666653914886
      },
      "zz_norm": {
        "uncertainty": 0.5619254412033869,
        "variance_increment_over_stat": 0.00939126129924922
      }
    },
    "stat_only": {
      "err_hi": 0.6083881793592201,
      "err_lo": 0.498623907607082,
      "err_sym": 0.553506043483151,
      "muhat": 1.0,
      "scan_hi": 1.60838817935922,
      "scan_lo": 0.501376092392918
    },
    "stat_plus_mcstat": {
      "err_hi": 0.6118464639846666,
      "err_lo": 0.5004934561655905,
      "err_sym": 0.5561699600751285,
      "muhat": 1.0,
      "scan_hi": 1.6118464639846666,
      "scan_lo": 0.4995065438344095
    },
    "variance_components": {
      "mc_stat": 0.0029560843175981955,
      "stat": 0.3063689401723719,
      "syst_total_including_mc_stat": 0.023955108369782596,
      "total": 0.33032404854215447
    }
  }
}
