{
  "created_utc": "2026-05-30T04:41:13+00:00",
  "expected_vs_partial": {
    "compatible_with_expected_2sigma": true,
    "expected_mu": 1.0,
    "expected_uncertainty": 0.5747382435005995,
    "partial_mu": 0.0,
    "partial_uncertainty": 1.3548619813595435,
    "pull_vs_expected": -0.679474677941247
  },
  "fit_model": "pyhf simultaneous final-state template likelihood",
  "fit_status": {
    "bestfit": [
      -0.06745502941098204,
      0.0,
      -0.0019713931465383493,
      0.0019342380018526131,
      0.0005197839193545969,
      0.006329094338944732,
      -0.00043474315276796236,
      0.015408066906760273,
      -0.1275346015266784,
      -0.04145136633464893,
      -0.003392930853918032,
      9.448998674962582e-08,
      2.929323528294715e-06,
      4.6193822361813154e-08,
      6.635772406713528e-07,
      1.0123888404136265e-06,
      2.3301068478235844e-05,
      -0.0008251378379554004,
      1.0731146727919443e-05,
      0.06957069848166375,
      -5.954068871705488e-08,
      -8.206386298127462e-08,
      2.848785488973499e-07,
      0.002421241076575728,
      0.0004959516420509521,
      0.09288050611204185,
      -1.747842943157635e-07,
      2.2358114800160823e-07,
      1.6750820855927058e-06
    ],
    "boundary_check": "PASS unless a reviewer flags a nuisance row; mu bounded to [0,10].",
    "converged": true,
    "parameter_names": [
      "m4l_scale_shape",
      "mu",
      "background_ZZ_2e2mu_mcstat",
      "lepton_eff",
      "lumi",
      "qqZZ_norm",
      "background_ggZZ_2e2mu_mcstat",
      "ggZZ_norm",
      "background_reducible_2e2mu_mcstat",
      "dy_fake_norm",
      "ttbar_omission",
      "signal_VBF_2e2mu_mcstat",
      "signal_VBF_theory",
      "signal_VH_2e2mu_mcstat",
      "signal_VH_theory",
      "signal_ggH_2e2mu_mcstat",
      "signal_ggH_theory",
      "background_ZZ_4e_mcstat",
      "background_ggZZ_4e_mcstat",
      "background_reducible_4e_mcstat",
      "signal_VBF_4e_mcstat",
      "signal_VH_4e_mcstat",
      "signal_ggH_4e_mcstat",
      "background_ZZ_4mu_mcstat",
      "background_ggZZ_4mu_mcstat",
      "background_reducible_4mu_mcstat",
      "signal_VBF_4mu_mcstat",
      "signal_VH_4mu_mcstat",
      "signal_ggH_4mu_mcstat"
    ],
    "twice_nll": 110.86245840907787
  },
  "gof": {
    "by_channel": {
      "2e2mu": {
        "chi2": 16.866168282911126,
        "deviance": 11.301647425300459,
        "ndf": 12,
        "observed": [
          1.0,
          1.0,
          3.0,
          1.0,
          1.0,
          0.0,
          1.0,
          0.0,
          0.0,
          0.0,
          1.0,
          0.0,
          1.0
        ],
        "p_value_chi2": 0.15470134441100866,
        "p_value_deviance": 0.503259627856933,
        "postfit_expected": [
          0.20568426404253676,
          1.9190606787864537,
          3.713569517782624,
          0.18405517450603526,
          0.24846981515615602,
          0.23316183594660989,
          0.28963539944237815,
          0.15275554275840048,
          0.21209853859255123,
          0.3956161983862044,
          0.2837843894365206,
          0.24722152544172998,
          0.2321108900058851
        ]
      },
      "4e": {
        "chi2": 8.122180403488766,
        "deviance": 6.952934086897809,
        "ndf": 12,
        "observed": [
          0.0,
          0.0,
          1.0,
          0.0,
          0.0,
          0.0,
          1.0,
          0.0,
          0.0,
          0.0,
          0.0,
          1.0,
          0.0
        ],
        "p_value_chi2": 0.7755109675276102,
        "p_value_deviance": 0.860708122288822,
        "postfit_expected": [
          0.039853187477799895,
          0.6202773411830896,
          0.6865664626196043,
          0.04346699119572698,
          0.1823516817030603,
          0.25166997603011093,
          0.24175842776481815,
          0.04486416330097267,
          0.04902757445632537,
          0.25569417700793884,
          0.1843554618323741,
          0.17968683623808265,
          0.18448649215529644
        ]
      },
      "4mu": {
        "chi2": 6.766792955309384,
        "deviance": 8.513618789104411,
        "ndf": 12,
        "observed": [
          0.0,
          2.0,
          3.0,
          0.0,
          0.0,
          1.0,
          0.0,
          0.0,
          1.0,
          0.0,
          0.0,
          0.0,
          0.0
        ],
        "p_value_chi2": 0.8726321863089975,
        "p_value_deviance": 0.7438160507410307,
        "postfit_expected": [
          0.14852129526675753,
          1.8746285186379228,
          2.981773901595572,
          0.17007208720721245,
          0.4289978562032679,
          0.23922441672925776,
          0.3535358135894119,
          0.17355641404378944,
          0.3600615048500358,
          0.6606149158046013,
          0.3603300263106287,
          0.400609594162118,
          0.5052944322415314
        ]
      }
    },
    "combined": {
      "chi2": 31.755141641709276,
      "deviance": 26.768200301302684,
      "ndf": 38,
      "p_value_chi2": 0.752432307059706,
      "p_value_deviance": 0.9137772503189814,
      "zero_chi2_warning": false
    }
  },
  "mu": {
    "uncertainty_minus": null,
    "uncertainty_plus": 1.3548619813595435,
    "uncertainty_symmetric": 1.3548619813595435,
    "value": 0.0
  },
  "mu_profile_scan": [
    {
      "delta_twice_nll": 0.0,
      "mu": 0.0
    },
    {
      "delta_twice_nll": 0.08739072209985466,
      "mu": 0.125
    },
    {
      "delta_twice_nll": 0.17583325324608268,
      "mu": 0.25
    },
    {
      "delta_twice_nll": 0.26530493339453187,
      "mu": 0.375
    },
    {
      "delta_twice_nll": 0.3557842086466394,
      "mu": 0.5
    },
    {
      "delta_twice_nll": 0.4472502357613308,
      "mu": 0.625
    },
    {
      "delta_twice_nll": 0.5396828510468197,
      "mu": 0.75
    },
    {
      "delta_twice_nll": 0.633062914230095,
      "mu": 0.875
    },
    {
      "delta_twice_nll": 0.727370754228815,
      "mu": 1.0
    },
    {
      "delta_twice_nll": 0.8225885079580308,
      "mu": 1.125
    },
    {
      "delta_twice_nll": 0.9186981113544164,
      "mu": 1.25
    },
    {
      "delta_twice_nll": 1.0156831206308254,
      "mu": 1.375
    },
    {
      "delta_twice_nll": 1.1135265037389104,
      "mu": 1.5
    },
    {
      "delta_twice_nll": 1.2122121080213901,
      "mu": 1.625
    },
    {
      "delta_twice_nll": 1.3117242627244252,
      "mu": 1.75
    },
    {
      "delta_twice_nll": 1.4120477495383739,
      "mu": 1.875
    },
    {
      "delta_twice_nll": 1.5131677869662212,
      "mu": 2.0
    },
    {
      "delta_twice_nll": 1.6150700101837003,
      "mu": 2.125
    },
    {
      "delta_twice_nll": 1.717740451544671,
      "mu": 2.25
    },
    {
      "delta_twice_nll": 1.8211655207531408,
      "mu": 2.375
    },
    {
      "delta_twice_nll": 1.9253319969648004,
      "mu": 2.5
    },
    {
      "delta_twice_nll": 2.0302270033435406,
      "mu": 2.625
    },
    {
      "delta_twice_nll": 2.13583799689809,
      "mu": 2.75
    },
    {
      "delta_twice_nll": 2.2421527544311033,
      "mu": 2.875
    },
    {
      "delta_twice_nll": 2.349159596008107,
      "mu": 3.0
    },
    {
      "delta_twice_nll": 2.456846430949824,
      "mu": 3.125
    },
    {
      "delta_twice_nll": 2.565202144042402,
      "mu": 3.25
    },
    {
      "delta_twice_nll": 2.6742156570289524,
      "mu": 3.375
    },
    {
      "delta_twice_nll": 2.7838761615988687,
      "mu": 3.5
    },
    {
      "delta_twice_nll": 2.8941728096386328,
      "mu": 3.625
    },
    {
      "delta_twice_nll": 3.0050957974550982,
      "mu": 3.75
    },
    {
      "delta_twice_nll": 3.1166347706402604,
      "mu": 3.875
    },
    {
      "delta_twice_nll": 3.228779848734746,
      "mu": 4.0
    },
    {
      "delta_twice_nll": 3.3415213649237216,
      "mu": 4.125
    },
    {
      "delta_twice_nll": 3.454849858724259,