{
  "approaches": {
    "S1_reference_like_cut_and_channel_fit": {
      "asimov_mu_uncertainty_proxy": 1.8208372619752422,
      "category_viability": "conditional low-count handoff: 27/33 final-state fit bins have S+B < 5; Phase 4 must run low-count Poisson/toy validation and MC-stat stability before reporting results",
      "expected_background": 197.6948333214735,
      "expected_signal": 7.874223533503978,
      "final_state_bin_viability": {
        "by_category": {
          "2e2mu": {
            "background_expected_by_bin": [
              2.93067931679494,
              45.698171444465196,
              1.700141173256965,
              4.38607535598789,
              2.3902054345912584,
              3.6325877328623384,
              1.7340121235142412,
              3.697866902026178,
              6.734936398763621,
              5.9831583347317165,
              6.804311421795958
            ],
            "bin_edges": [
              70.0,
              85.0,
              100.0,
              105.0,
              112.0,
              118.0,
              122.0,
              126.0,
              130.0,
              140.0,
              155.0,
              170.0
            ],
            "bins_below_5_expected": 7,
            "data_observed_by_bin": [
              2.0,
              43.0,
              1.0,
              7.0,
              2.0,
              8.0,
              8.0,
              5.0,
              7.0,
              4.0,
              7.0
            ],
            "passes_min_expected_5_gate": false,
            "signal_expected_by_bin": [
              0.004644631196800219,
              0.029239167239633847,
              0.019905956196839242,
              0.054351127176005376,
              0.1546510519496781,
              0.5113239324590061,
              2.205073500988021,
              0.5436574265514543,
              0.023311927245134912,
              0.006285776581111408,
              0.005533553935432725
            ],
            "total_bins": 11,
            "total_expected_by_bin": [
              2.93532394799174,
              45.727410611704826,
              1.7200471294538042,
              4.440426483163895,
              2.5448564865409367,
              4.143911665321345,
              3.939085624502262,
              4.241524328577633,
              6.758248326008755,
              5.989444111312828,
              6.809844975731391
            ]
          },
          "4e": {
            "background_expected_by_bin": [
              0.9460302975949948,
              12.115737500757694,
              0.434484324811016,
              1.8278329776849405,
              2.523234351029111,
              2.4050157069649885,
              0.4672770255963228,
              0.4898977626168514,
              2.5606137286113544,
              2.4184000469305595,
              3.071670504393681
            ],
            "bin_edges": [
              70.0,
              85.0,
              100.0,
              105.0,
              112.0,
              118.0,
              122.0,
              126.0,
              130.0,
              140.0,
              155.0,
              170.0
            ],
            "bins_below_5_expected": 10,
            "data_observed_by_bin": [
              0.0,
              8.0,
              0.0,
              2.0,
              2.0,
              3.0,
              1.0,
              1.0,
              2.0,
              2.0,
              3.0
            ],
            "passes_min_expected_5_gate": false,
            "signal_expected_by_bin": [
              0.0021172716452921695,
              0.010929745989385118,
              0.007044895858330299,
              0.020076800871117545,
              0.07357668572601635,
              0.255155038783897,
              0.7058513378631398,
              0.19769784420824832,
              0.01366637874988522,
              0.002154544568891284,
              0.0021690716492758304
            ],
            "total_bins": 11,
            "total_expected_by_bin": [
              0.948147569240287,
              12.126667246747079,
              0.4415292206693463,
              1.847909778556058,
              2.5968110367551276,
              2.6601707457488857,
              1.1731283634594627,
              0.6875956068250997,
              2.57428010736124,
              2.420554591499451,
              3.073839576042957
            ]
          },
          "4mu": {
            "background_expected_by_bin": [
              2.984373277687551,
              53.30106572775749,
              1.8393750844746806,
              2.482548984589047,
              2.3297812931907456,
              2.8630448593685807,
              1.5261907865146724,
              2.103885378128045,
              3.9377531695585803,
              4.108565610272095,
              3.5183374801996377
            ],
            "bin_edges": [
              70.0,
              85.0,
              100.0,
              105.0,
              112.0,
              118.0,
              122.0,
              126.0,
              130.0,
              140.0,
              155.0,
              170.0
            ],
            "bins_below_5_expected": 10,
            "data_observed_by_bin": [
              2.0,
              50.0,
              4.0,
              4.0,
              2.0,
              2.0,
              7.0,
              3.0,
              3.0,
              2.0,
              1.0
            ],
            "passes_min_expected_5_gate": false,
            "signal_expected_by_bin": [
              0.0037978686188093564,
              0.02395043948656372,
              0.01627419908626347,
              0.044289259327526156,
              0.103602102512298,
              0.23503096373681576,
              2.2091602590076738,
              0.37535753285610546,
              0.006608093417156259,
              0.0042867546522309796,
              0.003448393371988556
            ],
            "total_bins": 11,
            "total_expected_by_bin": [
              2.9881711463063603,
              53.32501616724405,
              1.855649283560944,
              2.5268382439165733,
              2.4333833957030437,
              3.0980758231053964,
              3.7353510455223464,
              2.4792429109841505,
              3.9443612629757365,
              4.112852364924326,
              3.521785873571626
            ]
          }
        },
        "handoff_status": "conditional_low_count_final_state_binning",
        "inclusive_diagnostic": {
          "background_expected_by_bin": [
            6.8610828920750535,
            111.11497467372571,
            3.9740005825443765,
            8.696457318258929,
            7.2432210788089035,
            8.900648299193508,
            3.7274799356267363,
            6.291650042768672,
            13.23330329694505,
            12.510123991943908,
            13.394319406398218
          ],
          "bin_edges": [
            70.0,
            85.0,
            100.0,
            105.0,
            112.0,
            118.0,
            122.0,
            126.0,
            130.0,
            140.0,
            155.0,
            170.0
          ],
          "bins_below_5_expected": 1,
          "data_observed_by_bin": [
            4.0,
            101.0,
            5.0,
            13.0,
            6.0,
            13.0,
            16.0,
            9.0,
            12.0,
            8.0,
            11.0
          ],
          "passes_min_expected_5_gate": false,
          "signal_expected_by_bin": [
            0.01055977146090173,
            0.06411935271558428,
            0.043225051141434635,
            0.11871718737465045,
            0.3318298401880081,
            1.0015099349798873,
            5.120085097865441,
            1.1167128036153258,
            0.04358639941217632,
            0.012727075802233749,
            0.011151018956697163
          ],