{
  "approaches": {
    "S1_reference_like_cut_and_channel_fit": {
      "asimov_mu_uncertainty_proxy": 1.8208372619752422,
      "category_viability": "conditional low-count handoff: 31/39 final-state fit bins have S+B < 5; Phase 4 must run low-count Poisson/toy validation and MC-stat stability before reporting results",
      "expected_background": 197.6948333214735,
      "expected_signal": 7.874223533503978,
      "final_state_bin_viability": {
        "by_category": {
          "2e2mu": {
            "background_expected_by_bin": [
              0.0,
              18.695469155379406,
              29.93338160605641,
              1.700141173256965,
              4.38607535598789,
              2.3902054345912584,
              3.6325877328623384,
              1.7340121235142412,
              3.697866902026178,
              6.734936398763621,
              3.6003152359902986,
              4.036540496826355,
              5.150614023715834
            ],
            "bin_edges": [
              70.0,
              80.0,
              90.0,
              100.0,
              105.0,
              112.0,
              118.0,
              122.0,
              126.0,
              130.0,
              140.0,
              150.0,
              160.0,
              170.0
            ],
            "bins_below_5_expected": 9,
            "data_observed_by_bin": [
              0.0,
              19.0,
              26.0,
              1.0,
              7.0,
              2.0,
              8.0,
              8.0,
              5.0,
              7.0,
              4.0,
              2.0,
              5.0
            ],
            "passes_min_expected_5_gate": false,
            "signal_expected_by_bin": [
              0.0,
              0.01130360067679769,
              0.022580197759636315,
              0.019905956196839242,
              0.054351127176005376,
              0.1546510519496781,
              0.5113239324590061,
              2.205073500988021,
              0.5436574265514543,
              0.023311927245134912,
              0.0042562583514669594,
              0.003933321019484696,
              0.003629751145592477
            ],
            "total_bins": 13,
            "total_expected_by_bin": [
              0.0,
              18.706772756056203,
              29.95596180381605,
              1.7200471294538042,
              4.440426483163895,
              2.5448564865409367,
              4.143911665321345,
              3.939085624502262,
              4.241524328577633,
              6.758248326008755,
              3.6045714943417657,
              4.0404738178458395,
              5.154243774861426
            ]
          },
          "4e": {
            "background_expected_by_bin": [
              0.0,
              6.191878047425841,
              6.8698897509168875,
              0.434484324811016,
              1.8278329776849405,
              2.523234351029111,
              2.4050157069649885,
              0.4672770255963228,
              0.4898977626168514,
              2.5606137286113544,
              1.8449921869458314,
              1.7982285070526816,
              1.8468498573236911
            ],
            "bin_edges": [
              70.0,
              80.0,
              90.0,
              100.0,
              105.0,
              112.0,
              118.0,
              122.0,
              126.0,
              130.0,
              140.0,
              150.0,
              160.0,
              170.0
            ],
            "bins_below_5_expected": 11,
            "data_observed_by_bin": [
              0.0,
              2.0,
              6.0,
              0.0,
              2.0,
              2.0,
              3.0,
              1.0,
              1.0,
              2.0,
              1.0,
              2.0,
              2.0
            ],
            "passes_min_expected_5_gate": false,
            "signal_expected_by_bin": [
              0.0,
              0.004272243534301618,
              0.008774774100375665,
              0.007044895858330299,
              0.020076800871117545,
              0.07357668572601635,
              0.255155038783897,
              0.7058513378631398,
              0.19769784420824832,
              0.01366637874988522,
              0.0014899738866730116,
              0.0013982110327382803,
              0.0014354312987557882
            ],
            "total_bins": 13,
            "total_expected_by_bin": [
              0.0,
              6.1961502909601425,
              6.878664525017263,
              0.4415292206693463,
              1.847909778556058,
              2.5968110367551276,
              2.6601707457488857,
              1.1731283634594627,
              0.6875956068250997,
              2.57428010736124,
              1.8464821608325044,
              1.7996267180854197,
              1.848285288622447
            ]
          },
          "4mu": {
            "background_expected_by_bin": [
              0.0,
              19.12740895417167,
              37.158030051483124,
              1.8393750844746806,
              2.482548984589047,
              2.3297812931907456,
              2.8630448593685807,
              1.5261907865146724,
              2.103885378128045,
              3.9377531695585803,
              2.835799254949237,
              2.4704430485774442,
              2.3206607869434137
            ],
            "bin_edges": [
              70.0,
              80.0,
              90.0,
              100.0,
              105.0,
              112.0,
              118.0,
              122.0,
              126.0,
              130.0,
              140.0,
              150.0,
              160.0,
              170.0
            ],
            "bins_below_5_expected": 11,
            "data_observed_by_bin": [
              0.0,
              14.0,
              38.0,
              4.0,
              4.0,
              2.0,
              2.0,
              7.0,
              3.0,
              3.0,
              2.0,
              1.0,
              0.0
            ],
            "passes_min_expected_5_gate": false,
            "signal_expected_by_bin": [
              0.0,
              0.009328270952143376,
              0.01842003715322962,
              0.01627419908626347,
              0.044289259327526156,
              0.103602102512298,
              0.23503096373681576,
              2.2091602590076738,
              0.37535753285610546,
              0.006608093417156259,
              0.002938257966066518,
              0.002530701678837712,
              0.0022661883793153054
            ],
            "total_bins": 13,
            "total_expected_by_bin": [
              0.0,
              19.136737225123813,
              37.17645008863635,
              1.855649283560944,
              2.5268382439165733,
              2.4333833957030437,
              3.0980758231053964,
              3.7353510455223464,
              2.4792429109841505,
              3.9443612629757365,
              2.8387375129153036,
              2.472973750256282,
              2.322926975322729
            ]
          }
        },
        "handoff_status": "conditional_low_count_final_state_binning",
        "inclusive_diagnostic": {
          "background_expected_by_bin": [
            0.0,
            44.01475615684807,
            73.96130140826237,
            3.9740005825443765,
            8.696457318258929,
            7.2432210788089035,
            8.900648299193508,
            3.7274799356267363,
            6.291650042768672,
            13.23330329694505,
            8.281106677882196,
            8.305212052454493,
            9.31812466798303
          ],