{
  "high_score": {
    "2e2mu": {
      "background_counts": [
        1.7837654398268632,
        1.2042276766765019,
        1.4358903649295782,
        0.7888001836153657,
        0.8079415423479839,
        2.537118673440908
      ],
      "background_expected": 8.5577438808372,
      "background_sumw2": [
        0.4286104755339298,
        0.0028261325500760215,
        0.4297868637808136,
        0.0001961902131139004,
        0.001463669573327997,
        0.4313212741923934
      ],
      "bins_below_5_expected": 6,
      "signal_counts": [
        0.024126673411934238,
        0.0718023576458964,
        0.2304600094927286,
        1.1878031996689704,
        0.24627787802405687,
        0.008552327835415596
      ],
      "signal_expected": 1.769022446079002,
      "signal_sumw2": [
        1.300580671135198e-06,
        3.9519477481026555e-06,
        1.2823656101955977e-05,
        6.534787549415056e-05,
        1.357599845157049e-05,
        3.851617734276655e-07
      ],
      "total_expected": 10.326766326916204
    },
    "4e": {
      "background_counts": [
        0.29410665366324074,
        0.9342852466291903,
        0.8638466393359092,
        0.21312035371867832,
        0.22803650625509775,
        0.5642049450483726
      ],
      "background_expected": 3.097600344650489,
      "background_sumw2": [
        0.001335377170315114,
        0.42839820385394384,
        0.42838071448827264,
        5.225544890685718e-05,
        5.582735449083387e-05,
        0.0001380501507298737
      ],
      "bins_below_5_expected": 6,
      "signal_counts": [
        0.00938348113591605,
        0.03346695613594131,
        0.1200790983559874,
        0.40035893710676507,
        0.0932725934626133,
        0.004592369417795061
      ],
      "signal_expected": 0.6611534356150182,
      "signal_sumw2": [
        5.08140659422274e-07,
        1.8484131965608815e-06,
        6.634491772049192e-06,
        2.194355109528268e-05,
        5.125802186859625e-06,
        2.2324529228083908e-07
      ],
      "total_expected": 3.758753780265507
    },
    "4mu": {
      "background_counts": [
        1.132752313234687,
        1.0602860848392943,
        0.6699616165623046,
        0.6953596414191714,
        0.6289072764135701,
        2.051637987740337
      ],
      "background_expected": 6.2389049202093645,
      "background_sumw2": [
        0.0002802695193482604,
        0.0002627490617165057,
        0.0001655462128864263,
        0.001434931010727502,
        0.00015507223615985905,
        0.4286727054887493
      ],
      "bins_below_5_expected": 6,
      "signal_counts": [
        0.02042003472647976,
        0.04621138651067504,
        0.10354925881675026,
        1.1210510486365346,
        0.15707358059791532,
        0.0019157896565542565
      ],
      "signal_expected": 1.4502210989449091,
      "signal_sumw2": [
        1.1148833723562355e-06,
        2.5175016093462724e-06,
        5.692264710851411e-06,
        6.201405048137431e-05,
        8.501537885216462e-06,
        4.5313002211189624e-08
      ],
      "total_expected": 7.689126019154273
    }
  },
  "low_score": {
    "2e2mu": {
      "background_counts": [
        2.6379746468478213,
        1.2573072192913748,
        2.3036915599934322,
        0.9808766705848972,
        3.0325842824283678,
        4.304811917393005
      ],
      "background_expected": 14.517246296538898,
      "background_sumw2": [
        0.858254184002592,
        0.0003141518653692055,
        0.859433133545908,
        0.0015078375715689152,
        1.2890439484189733,
        1.2868340450852624
      ],
      "bins_below_5_expected": 6,
      "signal_counts": [
        0.03022445376407014,
        0.08284869430378691,
        0.2808639229663613,
        1.0172703013180442,
        0.2973795485271793,
        0.014759599409803537
      ],
      "signal_expected": 1.7233465202892453,
      "signal_sumw2": [
        1.668559443097635e-06,
        4.599081299085575e-06,
        1.5657015876224234e-05,
        5.6224783165500207e-05,
        1.6458448436908237e-05,
        7.175406457468809e-07
      ],
      "total_expected": 16.240592816828144
    },
    "4e": {
      "background_counts": [
        1.5693910547092307,
        1.588949104399424,
        1.5768337983164185,
        0.25415667187770286,
        0.26186125636183455,
        2.0320735142500057
      ],
      "background_expected": 7.283265399914616,
      "background_sumw2": [
        0.8567229584592567,
        0.8567279980429622,
        0.8579882980904421,
        6.285009822937226e-05,
        6.45492913156076e-05,
        0.8581005444104073
      ],
      "bins_below_5_expected": 6,
      "signal_counts": [
        0.010693319735201651,
        0.040109729590073015,
        0.13507594042789325,
        0.3054924007565541,
        0.10442525074568088,
        0.009074009332086352
      ],
      "signal_expected": 0.6048706505874892,
      "signal_sumw2": [
        5.809307271868338e-07,
        2.227070667133317e-06,
        7.523917576724646e-06,
        1.6768974307365113e-05,
        5.77980805327736e-06,
        4.7679557484812696e-07
      ],
      "total_expected": 7.888136050502106
    },
    "4mu": {
      "background_counts": [
        1.3854614020416316,
        1.305159939039912,
        2.193083242806006,
        0.8664958757832206,
        1.5106428324018344,
        1.9217799125060742
      ],
      "background_expected": 9.182623204578679,
      "background_sumw2": [
        0.0016068604993249853,
        0.0015873391574206621,
        0.8568784286464735,
        0.00021468484881936867,
        0.42980480592841175,
        0.0017369375349420846
      ],
      "bins_below_5_expected": 6,
      "signal_counts": [
        0.023869224601045232,
        0.05739071600162003,
        0.13148170492006933,
        1.088109210370151,
        0.2182839522579565,
        0.004692303760670757
      ],
      "signal_expected": 1.523827111911513,
      "signal_sumw2": [
        1.314346976133614e-06,
        3.1950024371797524e-06,
        7.2106734930811235e-06,
        6.0480157587194586e-05,
        1.195774209799252e-05,
        1.7994127289617395e-07
      ],
      "total_expected": 10.706450316490193
    }
  },
  "viability": {
    "low_stat_bin_fraction": 1.0,
    "passes": false,
    "zero_background_categories": []
  }
}
