{
  "high_score": {
    "2e2mu": {
      "background_counts": [
        0.05588298457809236,
        0.8889678284405268,
        1.7418455835750208,
        0.14247840105206425,
        0.28676129854766386,
        0.3463908110227174,
        0.27634620386984154,
        0.29654616552105956,
        0.36324145485400283,
        0.7619285792199347,
        0.7434063440950075,
        0.7531334111931092,
        1.3610027039144081
      ],
      "background_expected": 8.017931769883448,
      "background_sumw2": [
        1.4174520318871756e-05,
        0.00022597861205638482,
        0.0017054481861909143,
        3.5879565304186925e-05,
        7.182509564036267e-05,
        0.0013492518753859704,
        0.001331508657583098,
        0.0013366736859509187,
        0.0026162459676376108,
        0.0014512390777722105,
        0.0014453092738966088,
        0.0014469965125287903,
        0.4284994538803663
      ],
      "bins_below_5_expected": 13,
      "signal_counts": [
        0.0011590523241580154,
        0.001813866700347787,
        0.004093030205767198,
        0.004354535417003167,
        0.013899405577523807,
        0.04671391168090601,
        0.1714093925149686,
        0.909592158657096,
        0.2071184425785551,
        0.008591928765280069,
        0.0017286349720951192,
        0.0016945798168619749,
        0.0014358383404038586
      ],
      "signal_expected": 1.3736047775509663,
      "signal_sumw2": [
        5.4933994268651937e-08,
        8.609136737905345e-08,
        2.0185409066725434e-07,
        2.1396527270916563e-07,
        6.849001032495262e-07,
        2.3442946260039518e-06,
        8.831710753571316e-06,
        4.6675201851135405e-05,
        1.0572538228863032e-05,
        3.7708918155026335e-07,
        1.2168645819935798e-08,
        8.530536017555322e-09,
        7.46859177276401e-09
      ],
      "total_expected": 9.391536547434416
    },
    "4e": {
      "background_counts": [
        0.02112313537963121,
        0.30409945485305706,
        0.48177963879331387,
        0.0359088033743127,
        0.06083381399833927,
        0.07495444811696143,
        0.10394883007596711,
        0.0747883718507703,
        0.07794152378682302,
        0.22945479683501668,
        0.23540299702865242,
        0.357683272318688,
        0.3008235816295898
      ],
      "background_expected": 2.3587426680411228,
      "background_sumw2": [
        5.367712464027127e-06,
        7.728175342767114e-05,
        0.00012242296423892955,
        8.937489770218304e-06,
        1.5093456177969984e-05,
        1.847082560406666e-05,
        0.0012887009962506168,
        1.8347076272530676e-05,
        1.894318837077998e-05,
        5.615308894228567e-05,
        5.703687093111165e-05,
        0.003875989172958002,
        0.0013340342408234296
      ],
      "bins_below_5_expected": 13,
      "signal_counts": [
        0.00038243522798683637,
        0.0004293595640447469,
        0.0017268268483654286,
        0.001366829608309203,
        0.005458908050152737,
        0.022238806282277857,
        0.08716967938415109,
        0.3013390460483568,
        0.07564916945115635,
        0.004793024635674417,
        0.0005725638054622858,
        0.0006458589768775784,
        0.000635081103134122
      ],
      "signal_expected": 0.5024075889859496,
      "signal_sumw2": [
        1.6144565334176465e-08,
        1.6494051817779803e-08,
        8.538873910502137e-08,
        6.316118301817252e-08,
        2.6537891855350205e-07,
        1.1300339260300693e-06,
        4.464556435551729e-06,
        1.5323610891300916e-05,
        3.844237685032051e-06,
        2.2842963364907135e-07,
        1.7330145736912187e-09,
        2.050446617997517e-09,
        2.025276193457662e-09
      ],
      "total_expected": 2.8611502570270724
    },
    "4mu": {
      "background_counts": [
        0.055516154239689856,
        0.7626538128540258,
        1.7555081600937827,
        0.14522148116727657,
        0.2909729158359807,
        0.29665758108446716,
        0.22005535313172403,
        0.24970668687193812,
        0.21537826661706563,
        0.5598398834324266,
        0.5408364815860576,
        0.5548942197743918,
        0.5295505054431532
      ],
      "background_expected": 6.17679150213198,
      "background_sumw2": [
        1.4098877055724688e-05,
        0.00019375763310658563,
        0.0004459194727029519,
        3.637983535593726e-05,
        0.0013354439270060314,
        7.376759006698143e-05,
        5.448355192587701e-05,
        0.001324723994245644,
        5.313599538011775e-05,
        0.0014000993777784033,
        0.0013948864502399076,
        0.002660513680067693,
        0.0013890675528024747
      ],
      "bins_below_5_expected": 13,
      "signal_counts": [
        0.0009308211159915882,
        0.0013855588723340499,
        0.003168256392190745,
        0.003335221265634353,
        0.01102647309863901,
        0.03097428912811629,
        0.08165470982125682,
        0.8295684959936004,
        0.14606435378144292,
        0.0026400841176226104,
        0.0013484235763072166,
        0.0011544038654883201,
        0.001035628165339793
      ],
      "signal_expected": 1.1142867191939643,
      "signal_sumw2": [
        4.3485288001724825e-08,
        6.000151642502554e-08,
        1.4591838022409138e-07,
        1.5727734677455535e-07,
        5.376938896453123e-07,
        1.5449196354296905e-06,
        4.09056996508646e-06,
        4.2601891806069924e-05,
        7.3282229208304655e-06,
        8.063867377543736e-08,
        1.4412079355905772e-08,
        3.2308877436256683e-09,
        6.403039953116437e-09
      ],
      "total_expected": 7.291078221325943
    }
  },
  "low_score": {
    "2e2mu": {
      "background_counts": [
        1.426664143918084,
        17.84216605762428,
        28.26286548385226,
        1.5933275028925344,
        4.134978788128071,
        2.115144084943567,
        3.463235721055219,
        1.4731306886808153,
        3.4772843699224905,
        6.080002011607203,
        2.9639030839576304,
        3.4617307390709513,
        3.8252760504905865
      ],
      "background_expected": 80.11970872614368,
      "background_sumw2": [
        0.00035140796682485464,
        0.005786302955552871,
        1.2929252434227023,
        0.001661143402746479,
        1.2867928344417876,
        0.00179103254008453,
        1.2878884886694955,
        0.00036735409834614326,
        1.2878913720256324,
        1.7167040802018736,
        0.003259631583231246,
        0.4340739057484308,
        0.8585349516174904
      ],
      "bins_below_5_expected": 10,
      "signal_counts": [
        0.006727028257941844,
        0.009489733976449912,
        0.018487167553869113,
        0.015551420779836192,
        0.04045172159848121,
        0.10793714026877979,
        0.3399145399440646,
        1.2954813423298077,
        0.33653898397292653,
        0.01471999847985679,
        0.0025276233793718357,
        0.002238741202622715,
        0.0021939128051885973
      ],
      "signal_expected": 2.192259354549197,
      "signal_sumw2": [
        3.6658981870661567e-07,
        5.089518253418601e-07,
        1.0431930217019136e-06,
        8.732305990832483e-07,
        2.2842400109833406e-06,
        6.206734421184243e-06,
        1.964896122460877e-05,
        7.489745680848531e-05,
        1.94619086595797e-05,
        7.256132376218687e-07,
        2.1744392152109345e-08,
        1.7232034837234443e-08,
        2.048763875479592e-08
      ],
      "total_expected": 82.31196808069288
    },