{
  "high_score": {
    "2e2mu": {
      "background_counts": [
        1.7837654398268707,
        1.2042276766757951,
        1.4358903649297328,
        0.7888001836161034,
        0.8079415423487094,
        2.5371186734413786
      ],
      "background_expected": 8.55774388083859,
      "background_sumw2": [
        0.4286104755339247,
        0.0028261325500870235,
        0.42978686378081365,
        0.00019619021312075434,
        0.0014636695733341956,
        0.4313212741919677
      ],
      "bins_below_5_expected": 6,
      "signal_counts": [
        0.02412667341193404,
        0.0718023576458985,
        0.23046000949269546,
        1.1878031996683203,
        0.24627787802416226,
        0.008552327835373606
      ],
      "signal_expected": 1.7690224460783843,
      "signal_sumw2": [
        1.300580671135184e-06,
        3.95194774810238e-06,
        1.2823656101954905e-05,
        6.534787549413484e-05,
        1.3575998451552586e-05,
        3.851617734266749e-07
      ],
      "total_expected": 10.326766326916974
    },
    "4e": {
      "background_counts": [
        0.29410665366324024,
        0.9342852466291828,
        0.8638466393358268,
        0.21312035371855678,
        0.2280365062549704,
        0.5642049450480575
      ],
      "background_expected": 3.097600344649834,
      "background_sumw2": [
        0.0013353771703151912,
        0.4283982038539497,
        0.4283807144882726,
        5.2255448901217597e-05,
        5.5827354484362666e-05,
        0.0001380501507134761
      ],
      "bins_below_5_expected": 6,
      "signal_counts": [
        0.009383481135916043,
        0.033466956135941715,
        0.12007909835598982,
        0.40035893710670234,
        0.09327259346259664,
        0.0045923694177971265
      ],
      "signal_expected": 0.6611534356149438,
      "signal_sumw2": [
        5.0814065942228e-07,
        1.8484131965608713e-06,
        6.634491772049258e-06,
        2.1943551095282293e-05,
        5.125802186864207e-06,
        2.232452922810877e-07
      ],
      "total_expected": 3.758753780264778
    },
    "4mu": {
      "background_counts": [
        1.1327523132346828,
        1.060286084838959,
        0.6699616165616168,
        0.6953596414184922,
        0.6289072764132341,
        2.0516379877412017
      ],
      "background_expected": 6.238904920208187,
      "background_sumw2": [
        0.00028026951934825736,
        0.00026274906171662313,
        0.0001655462128865566,
        0.0014349310107275098,
        0.00015507223615958613,
        0.4286727054887693
      ],
      "bins_below_5_expected": 6,
      "signal_counts": [
        0.02042003472647951,
        0.04621138651067611,
        0.10354925881675349,
        1.1210510486358398,
        0.15707358059800824,
        0.0019157896565209372
      ],
      "signal_expected": 1.450221098944278,
      "signal_sumw2": [
        1.1148833723562247e-06,
        2.517501609346333e-06,
        5.692264710851519e-06,
        6.20140504813685e-05,
        8.501537885205682e-06,
        4.531300221089388e-08
      ],
      "total_expected": 7.689126019152464
    }
  },
  "low_score": {
    "2e2mu": {
      "background_counts": [
        2.6379746468479124,
        1.2573072192903896,
        2.3036915599943875,
        0.9808766705857715,
        3.032584282427386,
        4.304811917388691
      ],
      "background_expected": 14.517246296534537,
      "background_sumw2": [
        0.8582541840025919,
        0.0003141518653830485,
        0.859433133545656,
        0.0015078375711765732,
        1.2890439484197367,
        1.2868340450872175
      ],
      "bins_below_5_expected": 6,
      "signal_counts": [
        0.03022445376406995,
        0.08284869430378879,
        0.2808639229663094,
        1.0172703013184803,
        0.2973795485273009,
        0.014759599409763253
      ],
      "signal_expected": 1.7233465202897127,
      "signal_sumw2": [
        1.668559443097624e-06,
        4.599081299085318e-06,
        1.5657015876224132e-05,
        5.622478316547541e-05,
        1.645844843688994e-05,
        7.175406457454534e-07
      ],
      "total_expected": 16.24059281682425
    },
    "4e": {
      "background_counts": [
        1.569391054709268,
        1.5889491043994015,
        1.5768337983163834,
        0.25415667187776725,
        0.26186125636188246,
        2.0320735142503157
      ],
      "background_expected": 7.2832653999150185,
      "background_sumw2": [
        0.8567229584592573,
        0.8567279980429511,
        0.8579882980904442,
        6.285009828210489e-05,
        6.454929136261324e-05,
        0.8581005444105483
      ],
      "bins_below_5_expected": 6,
      "signal_counts": [
        0.010693319735201644,
        0.04010972959007405,
        0.1350759404278921,
        0.30549240075646983,
        0.10442525074566116,
        0.009074009332088094
      ],
      "signal_expected": 0.6048706505873869,
      "signal_sumw2": [
        5.809307271868397e-07,
        2.2270706671333635e-06,
        7.523917576725046e-06,
        1.6768974307362917e-05,
        5.779808053277699e-06,
        4.7679557484857335e-07
      ],
      "total_expected": 7.888136050502406
    },
    "4mu": {
      "background_counts": [
        1.3854614020415823,
        1.3051599390391369,
        2.1930832428062588,
        0.866495875783815,
        1.5106428324023748,
        1.9217799125034245
      ],
      "background_expected": 9.182623204576592,
      "background_sumw2": [
        0.001606860499324979,
        0.0015873391574205522,
        0.8568784286464776,
        0.00021468484880168598,
        0.4298048059283709,
        0.0017369375340929923
      ],
      "bins_below_5_expected": 6,
      "signal_counts": [
        0.023869224601044986,
        0.05739071600162059,
        0.13148170492006844,
        1.0881092103697985,
        0.2182839522580533,
        0.004692303760635365
      ],
      "signal_expected": 1.5238271119112212,
      "signal_sumw2": [
        1.3143469761336053e-06,
        3.1950024371797677e-06,
        7.210673493081909e-06,
        6.048015758717055e-05,
        1.19577420979765e-05,
        1.7994127289559665e-07
      ],
      "total_expected": 10.706450316487814
    }
  },
  "viability": {
    "low_stat_bin_fraction": 1.0,
    "passes": false,
    "zero_background_categories": []
  }
}
