{
  "high_score": {
    "2e2mu": {
      "background_counts": [
        0.1799181263801955,
        2.506778270213885,
        0.14247840105206425,
        0.28676129854766386,
        0.3463908110227174,
        0.27634620386984154,
        0.29654616552105956,
        0.36324145485400283,
        0.7619285792199347,
        1.1371990523099276,
        1.720343406892608
      ],
      "background_expected": 8.0179317698839,
      "background_sumw2": [
        4.5680072482096615e-05,
        0.001899921246084322,
        3.5879565304186925e-05,
        7.182509564036267e-05,
        0.0013492518753859704,
        0.001331508657583098,
        0.0013366736859509187,
        0.0026162459676376108,
        0.0014512390777722105,
        0.0028047553349606633,
        0.42858700433183156
      ],
      "bins_below_5_expected": 11,
      "signal_counts": [
        0.0019370270674038076,
        0.005128922162869175,
        0.004354535417003167,
        0.013899405577523807,
        0.04671391168090601,
        0.1714093925149686,
        0.909592158657096,
        0.2071184425785551,
        0.008591928765280069,
        0.002630884090763282,
        0.002228169038597703
      ],
      "signal_expected": 1.3736047775509665,
      "signal_sumw2": [
        9.359900160881104e-08,
        2.4928045070614724e-07,
        2.1396527270916563e-07,
        6.849001032495262e-07,
        2.3442946260039518e-06,
        8.831710753571316e-06,
        4.6675201851135405e-05,
        1.0572538228863032e-05,
        3.7708918155026335e-07,
        1.8302647501659943e-08,
        9.865126108595576e-09
      ],
      "total_expected": 9.391536547434868
    },
    "4e": {
      "background_counts": [
        0.06599394991867108,
        0.7410082791073306,
        0.0359088033743127,
        0.06083381399833927,
        0.07495444811696143,
        0.10394883007596711,
        0.0747883718507703,
        0.07794152378682302,
        0.22945479683501668,
        0.39289100724563775,
        0.5010188437312904
      ],
      "background_expected": 2.3587426680411205,
      "background_sumw2": [
        1.6751147857877268e-05,
        0.00018832128227275574,
        8.937489770218304e-06,
        1.5093456177969984e-05,
        1.847082560406666e-05,
        0.0012887009962506168,
        1.8347076272530676e-05,
        1.894318837077998e-05,
        5.615308894228567e-05,
        0.0013582310128066172,
        0.003908829271906003
      ],
      "bins_below_5_expected": 11,
      "signal_counts": [
        0.0006217129574966994,
        0.0019169086829003137,
        0.001366829608309203,
        0.005458908050152737,
        0.022238806282277857,
        0.08716967938415109,
        0.3013390460483568,
        0.07564916945115635,
        0.004793024635674417,
        0.0008978720122746407,
        0.0009556318731993453
      ],
      "signal_expected": 0.5024075889859495,
      "signal_sumw2": [
        2.782988614779266e-08,
        9.019747010918491e-08,
        6.316118301817252e-08,
        2.6537891855350205e-07,
        1.1300339260300693e-06,
        4.464556435551729e-06,
        1.5323610891300916e-05,
        3.844237685032051e-06,
        2.2842963364907135e-07,
        2.7676652694457328e-09,
        3.041072115700667e-09
      ],
      "total_expected": 2.8611502570270697
    },
    "4mu": {
      "background_counts": [
        0.15694825851984695,
        2.4167298686680136,
        0.14522148116727657,
        0.2909729158359807,
        0.29665758108446716,
        0.22005535313172403,
        0.24970668687193812,
        0.21537826661706563,
        0.5598398834324266,
        0.8215013519702004,
        0.8037798548333996
      ],
      "background_expected": 6.176791502132339,
      "background_sumw2": [
        3.9840243394811214e-05,
        0.0006139357394703843,
        3.637983535593726e-05,
        0.0013354439270060314,
        7.376759006698143e-05,
        5.448355192587701e-05,
        0.001324723994245644,
        5.313599538011775e-05,
        0.0014000993777784033,
        0.0027262251933231614,
        0.0027182424897869138
      ],
      "bins_below_5_expected": 11,
      "signal_counts": [
        0.0014350826766245288,
        0.004049553703891851,
        0.003335221265634353,
        0.01102647309863901,
        0.03097428912811629,
        0.08165470982125682,
        0.8295684959936004,
        0.14606435378144292,
        0.0026400841176226104,
        0.001971969434943202,
        0.0015664861721921793
      ],
      "signal_expected": 1.1142867191939643,
      "signal_sumw2": [
        6.376892967751035e-08,
        1.8563625497333112e-07,
        1.5727734677455535e-07,
        5.376938896453123e-07,
        1.5449196354296905e-06,
        4.09056996508646e-06,
        4.2601891806069924e-05,
        7.3282229208304655e-06,
        8.063867377543736e-08,
        1.6164519027276454e-08,
        7.881488025371611e-09
      ],
      "total_expected": 7.291078221326304
    }
  },
  "low_score": {
    "2e2mu": {
      "background_counts": [
        4.268973049599255,
        43.26272263565465,
        1.5933275028925344,
        4.134978788128071,
        2.115144084943567,
        3.463235721055219,
        1.4731306886808153,
        3.4772843699224905,
        6.080002011607203,
        5.095612397235965,
        5.155297476281071
      ],
      "background_expected": 80.11970872600085,
      "background_sumw2": [
        0.0023305795586147254,
        1.2967323747927058,
        0.001661143402746479,
        1.2867928344417876,
        0.00179103254008453,
        1.2878884886694955,
        0.00036735409834614326,
        1.2878913720256324,
        1.7167040802018736,
        0.4357434008217834,
        0.8601250881273507
      ],
      "bins_below_5_expected": 7,
      "signal_counts": [
        0.010593684711496274,
        0.02411024507676466,
        0.015551420779836192,
        0.04045172159848121,
        0.10793714026877979,
        0.3399145399440646,
        1.2954813423298077,
        0.33653898397292653,
        0.01471999847985679,
        0.0036548924903481257,
        0.0033053848968350222
      ],
      "signal_expected": 2.192259354549197,
      "signal_sumw2": [
        5.729538066567938e-07,
        1.3457808590936027e-06,
        8.732305990832483e-07,
        2.2842400109833406e-06,
        6.206734421184243e-06,
        1.964896122460877e-05,
        7.489745680848531e-05,
        1.94619086595797e-05,
        7.256132376218687e-07,
        2.8564293164979334e-08,
        3.089977257916038e-08
      ],
      "total_expected": 82.31196808055003
    },
    "4e": {
      "background_counts": [
        1.2778585017213437,
        11.374729221648424,
        0.39857552143670416,
        1.802663894374225,
        2.448279902912069,
        2.3367316075765774,
        0.392488653745554,
        0.4119562388300301,
        2.3668236624637404,
        2.061173770372244,
        2.677645852724738
      ],
      "background_expected": 27.548926827805648,
      "background_sumw2": [
        0.00031587889766551577,
        0.43104546689670226,
        9.831023757865567e-05,
        0.8580432421734003,
        1.285107731071384,
        1.2850803115825333,
        9.675847091079535e-05,
        0.00010143345747619979,
        0.8581824414723292,
        0.4286734320573296,
        0.8569886231352156
      ],
      "bins_below_5_expected": 10,
      "signal_counts": [
        0.0038453291014106917,
        0.009012837306484816,
        0.005678066250021104,
        0.01461789282096495,
        0.05133787944373656,
        0.1679853593997315,
        0.40451229181481885,
        0.12204867475710145,
        0.008873354114210804,
        0.0012566725566166036,
        0.0012134397760764442
      ],
      "signal_expected": 0.7903817973411738,